Accession	TDL	Gene Symbol01	Ratio 2h	Ratio 6h	Ratio 10h 	Ratio 24h	P value 2h	P value 6h	P value 10h	P value 24h	Ratio 2h	Ratio 6h	Ratio 10h 	Ratio 24h	Count	Selected	Quantity_Change	Source
Q15459	Tbio	SF3A1	0.143355478	0.143335	-0.216971115	0.490460993	0.252008305	0.235297821	0.077667292	0.014201946	1	1	0	1	3	x	up	https://doi.org/10.1038/s41586-020-2332-7 | https://static-content.springer.com/esm/art%3A10.1038%2Fs41586-020-2332-7/MediaObjects/41586_2020_2332_MOESM2_ESM.xlsx
P39019	Tbio	RPS19	0.442251845	0.433382154	-0.553463064	0.380845869	0.207541	0.242691764	0.032733498	0.070745029	1	1	0	1	3	x	up	https://doi.org/10.1038/s41586-020-2332-7 | https://static-content.springer.com/esm/art%3A10.1038%2Fs41586-020-2332-7/MediaObjects/41586_2020_2332_MOESM2_ESM.xlsx
P13639	Tchem	EEF2	2.537976428	-0.480392593	0.055619443	2.185702974	0.23759921	0.41093156	0.913495192	0.013814973	1	0	1	1	3	x	up	https://doi.org/10.1038/s41586-020-2332-7 | https://static-content.springer.com/esm/art%3A10.1038%2Fs41586-020-2332-7/MediaObjects/41586_2020_2332_MOESM2_ESM.xlsx
Q9BW27	Tbio	NUP85	0.232251932	0.290142624	-1.335121949	0.416732051	0.487799178	0.455010841	0.040676167	0.528943293	1	1	0	1	3	x	up	https://doi.org/10.1038/s41586-020-2332-7 | https://static-content.springer.com/esm/art%3A10.1038%2Fs41586-020-2332-7/MediaObjects/41586_2020_2332_MOESM2_ESM.xlsx
P61254	Tbio	RPL26	0.056232457	-0.029965405	0.227186989	0.43364166	0.710174884	0.877509488	0.001763702	0.013526221	1	0	1	1	3	x	up	https://doi.org/10.1038/s41586-020-2332-7 | https://static-content.springer.com/esm/art%3A10.1038%2Fs41586-020-2332-7/MediaObjects/41586_2020_2332_MOESM2_ESM.xlsx
Q96S97	Tbio	MYADM	0.850865722	0.802879511	0.16536863	0.640298288	0.002928994	0.001285407	0.209973447	0.000258594	1	1	1	1	4	x	up	https://doi.org/10.1038/s41586-020-2332-7 | https://static-content.springer.com/esm/art%3A10.1038%2Fs41586-020-2332-7/MediaObjects/41586_2020_2332_MOESM2_ESM.xlsx
O95379	Tbio	TNFAIP8	0.424745667	-0.211458425	0.172214799	1.027322939	0.168082671	0.490387269	0.543258668	0.015870802	1	0	1	1	3	x	up	https://doi.org/10.1038/s41586-020-2332-7 | https://static-content.springer.com/esm/art%3A10.1038%2Fs41586-020-2332-7/MediaObjects/41586_2020_2332_MOESM2_ESM.xlsx
O95361	Tbio	TRIM16	-0.361593462	0.238973397	0.052502526	1.374575256	0.174243594	0.706565533	0.948557746	0.01532928	0	1	1	1	3	x	up	https://doi.org/10.1038/s41586-020-2332-7 | https://static-content.springer.com/esm/art%3A10.1038%2Fs41586-020-2332-7/MediaObjects/41586_2020_2332_MOESM2_ESM.xlsx
P05141	Tbio	SLC25A5	0.432088753	-1.221206313	1.579085698	2.456558218	0.845444439	0.355897089	0.461001558	0.035851172	1	0	1	1	3	x	up	https://doi.org/10.1038/s41586-020-2332-7 | https://static-content.springer.com/esm/art%3A10.1038%2Fs41586-020-2332-7/MediaObjects/41586_2020_2332_MOESM2_ESM.xlsx
Q13423	Tbio	NNT	0.467256344	-1.434593622	0.226161024	2.153858904	0.701278839	0.073453365	0.721715765	0.039141755	1	0	1	1	3	x	up	https://doi.org/10.1038/s41586-020-2332-7 | https://static-content.springer.com/esm/art%3A10.1038%2Fs41586-020-2332-7/MediaObjects/41586_2020_2332_MOESM2_ESM.xlsx
Q02952	Tbio	AKAP12	0.033454626	0.4025191	-1.157550633	5.271918769	0.975677764	0.719837728	0.39015569	0.00108089	1	1	0	1	3	x	up	https://doi.org/10.1038/s41586-020-2332-7 | https://static-content.springer.com/esm/art%3A10.1038%2Fs41586-020-2332-7/MediaObjects/41586_2020_2332_MOESM2_ESM.xlsx
Q9H4F8	Tbio	SMOC1	0.272612807	-0.228425935	0.389336332	1.216041602	0.612610662	0.758746798	0.450543114	0.024866892	1	0	1	1	3	x	up	https://doi.org/10.1038/s41586-020-2332-7 | https://static-content.springer.com/esm/art%3A10.1038%2Fs41586-020-2332-7/MediaObjects/41586_2020_2332_MOESM2_ESM.xlsx
P61009	Tdark	SPCS3	0.079720945	0.24515487	-0.920127867	1.513550023	0.649693862	0.504368048	0.016728047	0.071209137	1	1	0	1	3	x	up	https://doi.org/10.1038/s41586-020-2332-7 | https://static-content.springer.com/esm/art%3A10.1038%2Fs41586-020-2332-7/MediaObjects/41586_2020_2332_MOESM2_ESM.xlsx
Q96DG6	Tbio	CMBL	0.15729962	-0.095213739	0.149513482	1.513494633	0.670838896	0.641563447	0.37859184	0.013734633	1	0	1	1	3	x	up	https://doi.org/10.1038/s41586-020-2332-7 | https://static-content.springer.com/esm/art%3A10.1038%2Fs41586-020-2332-7/MediaObjects/41586_2020_2332_MOESM2_ESM.xlsx
Q4G0I0	Tdark	C16orf91	1.274355588	0.501234675	-1.743846757	1.044931771	0.13377386	0.1393009	0.013147372	0.147610533	1	1	0	1	3	x	up	https://doi.org/10.1038/s41586-020-2332-7 | https://static-content.springer.com/esm/art%3A10.1038%2Fs41586-020-2332-7/MediaObjects/41586_2020_2332_MOESM2_ESM.xlsx
Q9HD20	Tdark	ATP13A1	1.761838205	0.562900502	-2.263441127	0.945670786	0.294908298	0.722657398	0.033421405	0.671063345	1	1	0	1	3	x	up	https://doi.org/10.1038/s41586-020-2332-7 | https://static-content.springer.com/esm/art%3A10.1038%2Fs41586-020-2332-7/MediaObjects/41586_2020_2332_MOESM2_ESM.xlsx
Q9GZN8	Tdark	C20orf27	-0.725233022	0.943460926	1.550232708	2.587406049	0.643124152	0.498618951	0.284478559	0.010076968	0	1	1	1	3	x	up	https://doi.org/10.1038/s41586-020-2332-7 | https://static-content.springer.com/esm/art%3A10.1038%2Fs41586-020-2332-7/MediaObjects/41586_2020_2332_MOESM2_ESM.xlsx
Q9Y3U8	Tbio	RPL36	0.661133759	0.014525332	-0.13109914	2.887023806	0.770702263	0.989288364	0.894993425	0.004472535	1	1	0	1	3	x	up	https://doi.org/10.1038/s41586-020-2332-7 | https://static-content.springer.com/esm/art%3A10.1038%2Fs41586-020-2332-7/MediaObjects/41586_2020_2332_MOESM2_ESM.xlsx
P54577	Tchem	YARS	0.526045467	0.751285319	-1.1154472	2.747178711	0.698846857	0.410945948	0.053992591	0.001606102	1	1	0	1	3	x	up	https://doi.org/10.1038/s41586-020-2332-7 | https://static-content.springer.com/esm/art%3A10.1038%2Fs41586-020-2332-7/MediaObjects/41586_2020_2332_MOESM2_ESM.xlsx
Q969G3	Tbio	SMARCE1	-0.031726516	-0.042399743	0.139610874	0.914110365	0.338225688	0.765155652	0.731176153	0.010107532	0	0	1	1	2	x	up	https://doi.org/10.1038/s41586-020-2332-7 | https://static-content.springer.com/esm/art%3A10.1038%2Fs41586-020-2332-7/MediaObjects/41586_2020_2332_MOESM2_ESM.xlsx
P45877	Tbio	PPIC	-0.104782576	-0.14048665	0.456925966	1.458359926	0.703802313	0.663737606	0.412814815	0.001600907	0	0	1	1	2	x	up	https://doi.org/10.1038/s41586-020-2332-7 | https://static-content.springer.com/esm/art%3A10.1038%2Fs41586-020-2332-7/MediaObjects/41586_2020_2332_MOESM2_ESM.xlsx
Q9UHG3	Tbio	PCYOX1	-0.182728427	-0.502303047	0.298002864	0.435188039	0.79300191	0.346484918	0.722339046	0.000362379	0	0	1	1	2	x	up	https://doi.org/10.1038/s41586-020-2332-7 | https://static-content.springer.com/esm/art%3A10.1038%2Fs41586-020-2332-7/MediaObjects/41586_2020_2332_MOESM2_ESM.xlsx
Q03701	Tbio	CEBPZ	-0.066434115	-1.109354083	0.333910683	6.321135573	0.955866186	0.568385021	0.700041058	7.34E-05	0	0	1	1	2	x	up	https://doi.org/10.1038/s41586-020-2332-7 | https://static-content.springer.com/esm/art%3A10.1038%2Fs41586-020-2332-7/MediaObjects/41586_2020_2332_MOESM2_ESM.xlsx
P02771	Tbio	AFP	-0.236187606	-0.327616164	-0.13669399	-4.489913145	0.490451053	0.061288508	0.599956123	0.000179858	1	1	1	1	4	x	down	https://doi.org/10.1038/s41586-020-2332-7 | https://static-content.springer.com/esm/art%3A10.1038%2Fs41586-020-2332-7/MediaObjects/41586_2020_2332_MOESM2_ESM.xlsx
P07148	Tchem	FABP1	-0.1770607	-0.347503935	-0.140952832	-3.286986091	0.037763438	0.058714381	0.792981565	0.000182299	1	1	1	1	4	x	down	https://doi.org/10.1038/s41586-020-2332-7 | https://static-content.springer.com/esm/art%3A10.1038%2Fs41586-020-2332-7/MediaObjects/41586_2020_2332_MOESM2_ESM.xlsx
P09327	Tbio	VIL1	-0.150779473	-0.279990645	-0.64548642	-3.444579005	0.3984407	0.052874209	0.016658359	0.000164669	1	1	1	1	4	x	down	https://doi.org/10.1038/s41586-020-2332-7 | https://static-content.springer.com/esm/art%3A10.1038%2Fs41586-020-2332-7/MediaObjects/41586_2020_2332_MOESM2_ESM.xlsx
P09525	Tbio	ANXA4	-0.019478378	-0.167319493	-0.238208351	-2.482451767	0.679800915	0.077537987	0.106842409	0.000158214	1	1	1	1	4	x	down	https://doi.org/10.1038/s41586-020-2332-7 | https://static-content.springer.com/esm/art%3A10.1038%2Fs41586-020-2332-7/MediaObjects/41586_2020_2332_MOESM2_ESM.xlsx
Q12864	Tbio	CDH17	-0.115542099	-0.177734368	-0.466838458	-3.237389677	0.331675949	0.196289162	0.030436789	0.000115221	1	1	1	1	4	x	down	https://doi.org/10.1038/s41586-020-2332-7 | https://static-content.springer.com/esm/art%3A10.1038%2Fs41586-020-2332-7/MediaObjects/41586_2020_2332_MOESM2_ESM.xlsx
P17931	Tchem	LGALS3	-0.106529546	-0.067741633	-0.358539212	-1.420381496	0.192016082	0.479648457	0.00300097	4.31E-05	1	1	1	1	4	x	down	https://doi.org/10.1038/s41586-020-2332-7 | https://static-content.springer.com/esm/art%3A10.1038%2Fs41586-020-2332-7/MediaObjects/41586_2020_2332_MOESM2_ESM.xlsx
P01009	Tbio	SERPINA1	-0.112696598	-0.224237876	-0.429786641	-3.669424635	0.56492088	0.157059924	0.031447006	0.000540247	1	1	1	1	4	x	down	https://doi.org/10.1038/s41586-020-2332-7 | https://static-content.springer.com/esm/art%3A10.1038%2Fs41586-020-2332-7/MediaObjects/41586_2020_2332_MOESM2_ESM.xlsx
O75874	Tchem	IDH1	-0.330261416	-0.440110789	-0.364232354	-2.353325548	0.132484891	0.08806973	0.265161299	0.000378108	1	1	1	1	4	x	down	https://doi.org/10.1038/s41586-020-2332-7 | https://static-content.springer.com/esm/art%3A10.1038%2Fs41586-020-2332-7/MediaObjects/41586_2020_2332_MOESM2_ESM.xlsx
P02766	Tclin	TTR	-0.366625105	-0.337060175	-0.666960102	-5.03327167	0.103182135	0.084406581	0.104426122	1.58E-05	1	1	1	1	4	x	down	https://doi.org/10.1038/s41586-020-2332-7 | https://static-content.springer.com/esm/art%3A10.1038%2Fs41586-020-2332-7/MediaObjects/41586_2020_2332_MOESM2_ESM.xlsx
P14923	Tbio	JUP	-0.009518577	-0.29970263	-0.519829576	-2.404967976	0.89798814	0.000453491	0.006324797	0.000360211	1	1	1	1	4	x	down	https://doi.org/10.1038/s41586-020-2332-7 | https://static-content.springer.com/esm/art%3A10.1038%2Fs41586-020-2332-7/MediaObjects/41586_2020_2332_MOESM2_ESM.xlsx
O14745	Tbio	SLC9A3R1	-0.177936666	-0.169452644	-0.669426962	-2.945227435	0.621924088	0.565810542	0.084588401	0.000861483	1	1	1	1	4	x	down	https://doi.org/10.1038/s41586-020-2332-7 | https://static-content.springer.com/esm/art%3A10.1038%2Fs41586-020-2332-7/MediaObjects/41586_2020_2332_MOESM2_ESM.xlsx
P00352	Tchem	ALDH1A1	-0.200443951	-0.420235481	-0.731650858	-4.026569621	0.28934478	0.013407335	0.028325064	1.84E-05	1	1	1	1	4	x	down	https://doi.org/10.1038/s41586-020-2332-7 | https://static-content.springer.com/esm/art%3A10.1038%2Fs41586-020-2332-7/MediaObjects/41586_2020_2332_MOESM2_ESM.xlsx
P07305	Tchem	H1F0	-0.111530227	-0.423428617	-0.247317478	-2.72085268	0.366187906	0.004562387	0.175786629	0.000261526	1	1	1	1	4	x	down	https://doi.org/10.1038/s41586-020-2332-7 | https://static-content.springer.com/esm/art%3A10.1038%2Fs41586-020-2332-7/MediaObjects/41586_2020_2332_MOESM2_ESM.xlsx
P04181	Tchem	OAT	-0.163150275	-0.337716072	-0.723129074	-4.301882491	0.455474892	0.04334162	0.005242752	6.92E-05	1	1	1	1	4	x	down	https://doi.org/10.1038/s41586-020-2332-7 | https://static-content.springer.com/esm/art%3A10.1038%2Fs41586-020-2332-7/MediaObjects/41586_2020_2332_MOESM2_ESM.xlsx
P16403	Tbio	HIST1H1C	-0.205989611	-0.349962693	-0.117147549	-2.649646439	0.038667002	0.091659275	0.548138908	0.000136156	1	1	1	1	4	x	down	https://doi.org/10.1038/s41586-020-2332-7 | https://static-content.springer.com/esm/art%3A10.1038%2Fs41586-020-2332-7/MediaObjects/41586_2020_2332_MOESM2_ESM.xlsx
P09211	Tchem	GSTP1	-0.065279774	-0.18047988	-0.176001925	-1.141163813	0.886298585	0.655137913	0.642869923	0.040064518	1	1	1	1	4	x	down	https://doi.org/10.1038/s41586-020-2332-7 | https://static-content.springer.com/esm/art%3A10.1038%2Fs41586-020-2332-7/MediaObjects/41586_2020_2332_MOESM2_ESM.xlsx
P27487	Tclin	DPP4	-0.008530045	-0.145376622	-0.323635782	-2.823490318	0.860994186	0.029503885	0.004288167	2.03E-05	1	1	1	1	4	x	down	https://doi.org/10.1038/s41586-020-2332-7 | https://static-content.springer.com/esm/art%3A10.1038%2Fs41586-020-2332-7/MediaObjects/41586_2020_2332_MOESM2_ESM.xlsx
P10412	Tbio	HIST1H1E	-0.469419537	-0.458986179	-0.16200742	-2.580564649	0.006777177	0.086186249	0.480858184	8.04E-05	1	1	1	1	4	x	down	https://doi.org/10.1038/s41586-020-2332-7 | https://static-content.springer.com/esm/art%3A10.1038%2Fs41586-020-2332-7/MediaObjects/41586_2020_2332_MOESM2_ESM.xlsx
P07602	Tbio	PSAP	-0.198473844	-0.400003754	-0.746539941	-1.88366317	0.471834821	0.011493193	0.004285324	0.004546737	1	1	1	1	4	x	down	https://doi.org/10.1038/s41586-020-2332-7 | https://static-content.springer.com/esm/art%3A10.1038%2Fs41586-020-2332-7/MediaObjects/41586_2020_2332_MOESM2_ESM.xlsx
O60701	Tbio	UGDH	-0.053486443	-0.19734015	-0.64232531	-1.712410465	0.690278684	0.151456037	0.074595312	0.018798451	1	1	1	1	4	x	down	https://doi.org/10.1038/s41586-020-2332-7 | https://static-content.springer.com/esm/art%3A10.1038%2Fs41586-020-2332-7/MediaObjects/41586_2020_2332_MOESM2_ESM.xlsx
P42766	Tbio	RPL35	-0.279516576	-0.167936006	-0.230861306	-2.275578798	0.146917132	0.27756448	0.015607943	8.94E-05	1	1	1	1	4	x	down	https://doi.org/10.1038/s41586-020-2332-7 | https://static-content.springer.com/esm/art%3A10.1038%2Fs41586-020-2332-7/MediaObjects/41586_2020_2332_MOESM2_ESM.xlsx
P02786	Tbio	TFRC	-0.139039658	-0.087521656	-0.942971519	-2.909942543	0.826616821	0.843583938	0.088838948	0.007258552	1	1	1	1	4	x	down	https://doi.org/10.1038/s41586-020-2332-7 | https://static-content.springer.com/esm/art%3A10.1038%2Fs41586-020-2332-7/MediaObjects/41586_2020_2332_MOESM2_ESM.xlsx
Q9UQN3	Tbio	CHMP2B	-0.078520071	-0.077533033	-0.257920986	-1.43086694	0.705899872	0.568908008	0.024926629	0.001181267	1	1	1	1	4	x	down	https://doi.org/10.1038/s41586-020-2332-7 | https://static-content.springer.com/esm/art%3A10.1038%2Fs41586-020-2332-7/MediaObjects/41586_2020_2332_MOESM2_ESM.xlsx
P55061	Tbio	TMBIM6	-0.181952583	-0.349543969	-0.545087246	-3.062672617	0.2709872	0.0340871	0.005777396	0.00016895	1	1	1	1	4	x	down	https://doi.org/10.1038/s41586-020-2332-7 | https://static-content.springer.com/esm/art%3A10.1038%2Fs41586-020-2332-7/MediaObjects/41586_2020_2332_MOESM2_ESM.xlsx
P02649	Tbio	APOE	-0.128628075	-0.220483383	-0.575934185	-5.382773662	0.42668621	0.202010866	0.076484026	0.000417923	1	1	1	1	4	x	down	https://doi.org/10.1038/s41586-020-2332-7 | https://static-content.springer.com/esm/art%3A10.1038%2Fs41586-020-2332-7/MediaObjects/41586_2020_2332_MOESM2_ESM.xlsx
Q15056	Tchem	EIF4H	-0.038101124	-0.055751601	-0.183430984	-0.950422859	0.82310749	0.684631329	0.31465036	0.016548869	1	1	1	1	4	x	down	https://doi.org/10.1038/s41586-020-2332-7 | https://static-content.springer.com/esm/art%3A10.1038%2Fs41586-020-2332-7/MediaObjects/41586_2020_2332_MOESM2_ESM.xlsx
P13073	Tbio	COX4I1	-0.217018235	-0.05351011	-0.468754889	-1.872462727	0.348012513	0.855683394	0.214116748	0.004310429	1	1	1	1	4	x	down	https://doi.org/10.1038/s41586-020-2332-7 | https://static-content.springer.com/esm/art%3A10.1038%2Fs41586-020-2332-7/MediaObjects/41586_2020_2332_MOESM2_ESM.xlsx
Q06481	Tbio	APLP2	-0.296606573	-0.169745587	-0.703047669	-2.360180365	0.331357795	0.61799855	0.111108639	0.010724011	1	1	1	1	4	x	down	https://doi.org/10.1038/s41586-020-2332-7 | https://static-content.springer.com/esm/art%3A10.1038%2Fs41586-020-2332-7/MediaObjects/41586_2020_2332_MOESM2_ESM.xlsx
P19075	Tbio	TSPAN8	-0.154650995	-0.262345983	-0.246853122	-2.135717358	0.650523361	0.441081464	0.336081887	0.003546671	1	1	1	1	4	x	down	https://doi.org/10.1038/s41586-020-2332-7 | https://static-content.springer.com/esm/art%3A10.1038%2Fs41586-020-2332-7/MediaObjects/41586_2020_2332_MOESM2_ESM.xlsx
P60903	Tbio	S100A10	-0.192588425	-0.249753443	-0.439323374	-1.852165955	0.02041545	0.216376823	0.306049675	0.001280395	1	1	1	1	4	x	down	https://doi.org/10.1038/s41586-020-2332-7 | https://static-content.springer.com/esm/art%3A10.1038%2Fs41586-020-2332-7/MediaObjects/41586_2020_2332_MOESM2_ESM.xlsx
P47914	Tbio	RPL29	-0.027054946	-0.19642437	-0.43866346	-1.771046831	0.743732008	0.21947759	0.023613606	0.001072966	1	1	1	1	4	x	down	https://doi.org/10.1038/s41586-020-2332-7 | https://static-content.springer.com/esm/art%3A10.1038%2Fs41586-020-2332-7/MediaObjects/41586_2020_2332_MOESM2_ESM.xlsx
Q9UHD8	Tbio	SEPTIN9	-0.437035044	-0.432697583	-1.036062214	-3.344327653	0.37695595	0.102088281	0.061376927	0.000803785	1	1	1	1	4	x	down	https://doi.org/10.1038/s41586-020-2332-7 | https://static-content.springer.com/esm/art%3A10.1038%2Fs41586-020-2332-7/MediaObjects/41586_2020_2332_MOESM2_ESM.xlsx
P10619	Tchem	CTSA	-0.112984141	-0.238545384	-0.673739224	-2.209337769	0.790344013	0.487641566	0.098562319	0.003252966	1	1	1	1	4	x	down	https://doi.org/10.1038/s41586-020-2332-7 | https://static-content.springer.com/esm/art%3A10.1038%2Fs41586-020-2332-7/MediaObjects/41586_2020_2332_MOESM2_ESM.xlsx
P21964	Tclin	COMT	-0.067182763	-0.184621938	-0.247492343	-1.679888301	0.734223804	0.462957393	0.329806983	0.032511891	1	1	1	1	4	x	down	https://doi.org/10.1038/s41586-020-2332-7 | https://static-content.springer.com/esm/art%3A10.1038%2Fs41586-020-2332-7/MediaObjects/41586_2020_2332_MOESM2_ESM.xlsx
P84243	Tbio	H3F3A	-0.169137087	-0.131057704	-0.442594666	-2.445589503	0.170401835	0.194672082	0.014747494	0.00010009	1	1	1	1	4	x	down	https://doi.org/10.1038/s41586-020-2332-7 | https://static-content.springer.com/esm/art%3A10.1038%2Fs41586-020-2332-7/MediaObjects/41586_2020_2332_MOESM2_ESM.xlsx
P84243	Tbio	H3F3AP4	-0.169137087	-0.131057704	-0.442594666	-2.445589503	0.170401835	0.194672082	0.014747494	0.00010009	1	1	1	1	4	x	down	https://doi.org/10.1038/s41586-020-2332-7 | https://static-content.springer.com/esm/art%3A10.1038%2Fs41586-020-2332-7/MediaObjects/41586_2020_2332_MOESM2_ESM.xlsx
P84243	Tbio	H3F3B	-0.169137087	-0.131057704	-0.442594666	-2.445589503	0.170401835	0.194672082	0.014747494	0.00010009	1	1	1	1	4	x	down	https://doi.org/10.1038/s41586-020-2332-7 | https://static-content.springer.com/esm/art%3A10.1038%2Fs41586-020-2332-7/MediaObjects/41586_2020_2332_MOESM2_ESM.xlsx
P11166	Tchem	SLC2A1	-0.20378133	-0.001154909	-0.458854806	-1.278118198	0.204835715	0.990913629	0.084659271	0.031569367	1	1	1	1	4	x	down	https://doi.org/10.1038/s41586-020-2332-7 | https://static-content.springer.com/esm/art%3A10.1038%2Fs41586-020-2332-7/MediaObjects/41586_2020_2332_MOESM2_ESM.xlsx
P27635	Tbio	RPL10	-0.183216468	-0.07246307	-0.491723622	-2.969765164	0.718771689	0.851182921	0.224196267	0.018946474	1	1	1	1	4	x	down	https://doi.org/10.1038/s41586-020-2332-7 | https://static-content.springer.com/esm/art%3A10.1038%2Fs41586-020-2332-7/MediaObjects/41586_2020_2332_MOESM2_ESM.xlsx
P05091	Tclin	ALDH2	-0.7749931	-0.352738643	-0.649907171	-2.632782022	0.118392247	0.296659329	0.006508737	0.004345089	1	1	1	1	4	x	down	https://doi.org/10.1038/s41586-020-2332-7 | https://static-content.springer.com/esm/art%3A10.1038%2Fs41586-020-2332-7/MediaObjects/41586_2020_2332_MOESM2_ESM.xlsx
O14880	Tbio	MGST3	-0.073405276	-0.408116788	-0.705116277	-3.496472791	0.923695497	0.648622895	0.436059237	0.036159152	1	1	1	1	4	x	down	https://doi.org/10.1038/s41586-020-2332-7 | https://static-content.springer.com/esm/art%3A10.1038%2Fs41586-020-2332-7/MediaObjects/41586_2020_2332_MOESM2_ESM.xlsx
O75348	Tbio	ATP6V1G1	-0.023433964	-0.085897649	-0.350366792	-2.105487488	0.898699406	0.494730073	0.014113877	0.000292492	1	1	1	1	4	x	down	https://doi.org/10.1038/s41586-020-2332-7 | https://static-content.springer.com/esm/art%3A10.1038%2Fs41586-020-2332-7/MediaObjects/41586_2020_2332_MOESM2_ESM.xlsx
O43291	Tbio	SPINT2	-0.003816372	-0.112666212	-0.151574474	-2.650400104	0.990254315	0.705089185	0.661314273	0.003993069	1	1	1	1	4	x	down	https://doi.org/10.1038/s41586-020-2332-7 | https://static-content.springer.com/esm/art%3A10.1038%2Fs41586-020-2332-7/MediaObjects/41586_2020_2332_MOESM2_ESM.xlsx
P08865	Tbio	RPSA	-0.295281665	-0.14926108	-0.636108611	-1.810042754	0.245172649	0.426649555	0.014510948	0.019038944	1	1	1	1	4	x	down	https://doi.org/10.1038/s41586-020-2332-7 | https://static-content.springer.com/esm/art%3A10.1038%2Fs41586-020-2332-7/MediaObjects/41586_2020_2332_MOESM2_ESM.xlsx
P12830	Tbio	CDH1	-0.13460857	-0.058200004	-0.233413807	-1.733737625	0.303238169	0.489260862	0.206494737	0.005722309	1	1	1	1	4	x	down	https://doi.org/10.1038/s41586-020-2332-7 | https://static-content.springer.com/esm/art%3A10.1038%2Fs41586-020-2332-7/MediaObjects/41586_2020_2332_MOESM2_ESM.xlsx
P46977	Tbio	STT3A	-0.237485571	-0.041741145	-0.697087582	-2.616014971	0.618272433	0.921785697	0.175867269	0.027865797	1	1	1	1	4	x	down	https://doi.org/10.1038/s41586-020-2332-7 | https://static-content.springer.com/esm/art%3A10.1038%2Fs41586-020-2332-7/MediaObjects/41586_2020_2332_MOESM2_ESM.xlsx
Q9BZL1	Tbio	UBL5	-0.14279131	-0.188304009	-0.391161792	-1.922364838	0.329149155	0.102141712	0.002844654	0.002695579	1	1	1	1	4	x	down	https://doi.org/10.1038/s41586-020-2332-7 | https://static-content.springer.com/esm/art%3A10.1038%2Fs41586-020-2332-7/MediaObjects/41586_2020_2332_MOESM2_ESM.xlsx
P61457	Tbio	PCBD1	-0.056111976	-0.06157097	-0.43842983	-2.072407063	0.771572032	0.528342859	0.000272246	0.005260156	1	1	1	1	4	x	down	https://doi.org/10.1038/s41586-020-2332-7 | https://static-content.springer.com/esm/art%3A10.1038%2Fs41586-020-2332-7/MediaObjects/41586_2020_2332_MOESM2_ESM.xlsx
Q8IZP9	Tbio	GPR64	-0.137130924	-0.178200168	-0.198624741	-2.081063201	0.49321556	0.079758076	0.456780184	0.004483058	1	1	1	1	4	x	down	https://doi.org/10.1038/s41586-020-2332-7 | https://static-content.springer.com/esm/art%3A10.1038%2Fs41586-020-2332-7/MediaObjects/41586_2020_2332_MOESM2_ESM.xlsx
Q8IZP9	Tbio	ADGRG2	-0.137130924	-0.178200168	-0.198624741	-2.081063201	0.49321556	0.079758076	0.456780184	0.004483058	1	1	1	1	4	x	down	https://doi.org/10.1038/s41586-020-2332-7 | https://static-content.springer.com/esm/art%3A10.1038%2Fs41586-020-2332-7/MediaObjects/41586_2020_2332_MOESM2_ESM.xlsx
P38117	Tbio	ETFB	-0.786504062	-0.417526707	-1.331192328	-1.632852907	0.125928306	0.069446037	0.035170081	0.018509548	1	1	1	1	4	x	down	https://doi.org/10.1038/s41586-020-2332-7 | https://static-content.springer.com/esm/art%3A10.1038%2Fs41586-020-2332-7/MediaObjects/41586_2020_2332_MOESM2_ESM.xlsx
P61604	Tbio	HSPE1	-0.405585235	-0.227221019	-0.652841983	-2.169553448	0.493401524	0.555879905	0.160078148	0.034622234	1	1	1	1	4	x	down	https://doi.org/10.1038/s41586-020-2332-7 | https://static-content.springer.com/esm/art%3A10.1038%2Fs41586-020-2332-7/MediaObjects/41586_2020_2332_MOESM2_ESM.xlsx
O00762	Tbio	UBE2C	-0.559670436	-0.598108019	-0.583392907	-8.591414666	0.387283285	0.466562793	0.448802792	0.000149085	1	1	1	1	4	x	down	https://doi.org/10.1038/s41586-020-2332-7 | https://static-content.springer.com/esm/art%3A10.1038%2Fs41586-020-2332-7/MediaObjects/41586_2020_2332_MOESM2_ESM.xlsx
P13667	Tbio	PDIA4	-0.414508505	-0.21576961	-0.985357695	-3.944859612	0.764450002	0.755992657	0.49097462	0.045798106	1	1	1	1	4	x	down	https://doi.org/10.1038/s41586-020-2332-7 | https://static-content.springer.com/esm/art%3A10.1038%2Fs41586-020-2332-7/MediaObjects/41586_2020_2332_MOESM2_ESM.xlsx
Q9NZ01	Tbio	TECR	-0.597953328	-1.312547635	-1.035254063	-4.121668614	0.513231154	0.017828597	0.161564748	0.000998425	1	1	1	1	4	x	down	https://doi.org/10.1038/s41586-020-2332-7 | https://static-content.springer.com/esm/art%3A10.1038%2Fs41586-020-2332-7/MediaObjects/41586_2020_2332_MOESM2_ESM.xlsx
Q8WYA6	Tbio	CTNNBL1	-0.508307862	-0.033379266	-0.811753487	-1.218157614	0.577756061	0.962984765	0.219240616	0.037680916	1	1	1	1	4	x	down	https://doi.org/10.1038/s41586-020-2332-7 | https://static-content.springer.com/esm/art%3A10.1038%2Fs41586-020-2332-7/MediaObjects/41586_2020_2332_MOESM2_ESM.xlsx
Q14011	Tbio	CIRBP	-0.819692439	-0.561297047	-1.115574647	-3.494066345	0.191670117	0.028513619	0.055316142	0.000541774	1	1	1	1	4	x	down	https://doi.org/10.1038/s41586-020-2332-7 | https://static-content.springer.com/esm/art%3A10.1038%2Fs41586-020-2332-7/MediaObjects/41586_2020_2332_MOESM2_ESM.xlsx
O43676	Tclin	NDUFB3	-0.540025832	-0.205599056	-1.032879015	-3.324718444	0.127440986	0.52629733	0.037172261	0.003380981	1	1	1	1	4	x	down	https://doi.org/10.1038/s41586-020-2332-7 | https://static-content.springer.com/esm/art%3A10.1038%2Fs41586-020-2332-7/MediaObjects/41586_2020_2332_MOESM2_ESM.xlsx
P04040	Tbio	CAT	-0.204890079	-0.264334637	-1.639891339	-0.961767411	0.267626915	0.593294628	0.1312253	0.001399098	1	1	1	1	4	x	down	https://doi.org/10.1038/s41586-020-2332-7 | https://static-content.springer.com/esm/art%3A10.1038%2Fs41586-020-2332-7/MediaObjects/41586_2020_2332_MOESM2_ESM.xlsx
Q8NAM6	Tbio	ZSCAN4	-0.170077746	-0.068881479	-0.161805807	-1.407343164	0.475060929	0.748697799	0.160198572	0.031060665	1	1	1	1	4	x	down	https://doi.org/10.1038/s41586-020-2332-7 | https://static-content.springer.com/esm/art%3A10.1038%2Fs41586-020-2332-7/MediaObjects/41586_2020_2332_MOESM2_ESM.xlsx
Q9UM00	Tbio	TMCO1	-0.201807533	-0.357869762	-0.375133327	-6.29047984	0.587267374	0.3769111	0.305348048	0.003373431	1	1	1	1	4	x	down	https://doi.org/10.1038/s41586-020-2332-7 | https://static-content.springer.com/esm/art%3A10.1038%2Fs41586-020-2332-7/MediaObjects/41586_2020_2332_MOESM2_ESM.xlsx
Q15785	Tbio	TOMM34	-0.036194921	-0.292708653	-0.507427577	-2.210493325	0.940584477	0.532637071	0.386647283	0.035740282	1	1	1	1	4	x	down	https://doi.org/10.1038/s41586-020-2332-7 | https://static-content.springer.com/esm/art%3A10.1038%2Fs41586-020-2332-7/MediaObjects/41586_2020_2332_MOESM2_ESM.xlsx
Q9H3K2	Tbio	GHITM	-0.122407438	-0.141678663	-0.965240153	-1.732462015	0.569450172	0.734065335	0.00486878	0.00672625	1	1	1	1	4	x	down	https://doi.org/10.1038/s41586-020-2332-7 | https://static-content.springer.com/esm/art%3A10.1038%2Fs41586-020-2332-7/MediaObjects/41586_2020_2332_MOESM2_ESM.xlsx
Q16890	Tbio	TPD52L1	-0.561885692	-0.31513448	-0.371093135	-1.370519949	0.439853902	0.394791889	0.25577732	0.036405458	1	1	1	1	4	x	down	https://doi.org/10.1038/s41586-020-2332-7 | https://static-content.springer.com/esm/art%3A10.1038%2Fs41586-020-2332-7/MediaObjects/41586_2020_2332_MOESM2_ESM.xlsx
P63208	Tbio	SKP1	-0.188429534	-0.042903873	-0.953191119	-2.967387156	0.502306675	0.691026677	0.003350994	0.003734682	1	1	1	1	4	x	down	https://doi.org/10.1038/s41586-020-2332-7 | https://static-content.springer.com/esm/art%3A10.1038%2Fs41586-020-2332-7/MediaObjects/41586_2020_2332_MOESM2_ESM.xlsx
Q8IXH7	Tbio	NELFCD	-0.042066708	-0.913290182	-0.314498645	-8.35794269	0.944044886	0.061168803	0.487761061	0.000109319	1	1	1	1	4	x	down	https://doi.org/10.1038/s41586-020-2332-7 | https://static-content.springer.com/esm/art%3A10.1038%2Fs41586-020-2332-7/MediaObjects/41586_2020_2332_MOESM2_ESM.xlsx
Q8IXH7	Tbio	TH1L	-0.042066708	-0.913290182	-0.314498645	-8.35794269	0.944044886	0.061168803	0.487761061	0.000109319	1	1	1	1	4	x	down	https://doi.org/10.1038/s41586-020-2332-7 | https://static-content.springer.com/esm/art%3A10.1038%2Fs41586-020-2332-7/MediaObjects/41586_2020_2332_MOESM2_ESM.xlsx
Q14641	Tbio	INSL4	-0.154036758	-0.539592896	-0.171745574	-4.619622303	0.843531328	0.568743496	0.892310791	0.040944065	1	1	1	1	4	x	down	https://doi.org/10.1038/s41586-020-2332-7 | https://static-content.springer.com/esm/art%3A10.1038%2Fs41586-020-2332-7/MediaObjects/41586_2020_2332_MOESM2_ESM.xlsx
P63302	Tbio	SEPW1	-0.193536347	-0.205058547	-0.36539742	-3.56311612	0.655395495	0.669676678	0.478525593	0.006842793	1	1	1	1	4	x	down	https://doi.org/10.1038/s41586-020-2332-7 | https://static-content.springer.com/esm/art%3A10.1038%2Fs41586-020-2332-7/MediaObjects/41586_2020_2332_MOESM2_ESM.xlsx
P63302	Tbio	SELENOW	-0.193536347	-0.205058547	-0.36539742	-3.56311612	0.655395495	0.669676678	0.478525593	0.006842793	1	1	1	1	4	x	down	https://doi.org/10.1038/s41586-020-2332-7 | https://static-content.springer.com/esm/art%3A10.1038%2Fs41586-020-2332-7/MediaObjects/41586_2020_2332_MOESM2_ESM.xlsx
Q8NFH5	Tbio	NUP35	-0.335268527	-0.001004635	-0.831462903	-1.996084497	0.603658671	0.996587664	0.072722664	0.045602009	1	1	1	1	4	x	down	https://doi.org/10.1038/s41586-020-2332-7 | https://static-content.springer.com/esm/art%3A10.1038%2Fs41586-020-2332-7/MediaObjects/41586_2020_2332_MOESM2_ESM.xlsx
Q86SE5	Tdark	RALYL	-0.272002844	-0.764273379	-0.240220206	-2.247358238	0.463705059	0.15387816	0.584330533	0.009465312	1	1	1	1	4	x	down	https://doi.org/10.1038/s41586-020-2332-7 | https://static-content.springer.com/esm/art%3A10.1038%2Fs41586-020-2332-7/MediaObjects/41586_2020_2332_MOESM2_ESM.xlsx
P46926	Tbio	GNPDA1	-1.288590767	-0.243580617	-0.563867741	-0.995196749	0.114397836	0.505167118	0.092550396	0.000668378	1	1	1	1	4	x	down	https://doi.org/10.1038/s41586-020-2332-7 | https://static-content.springer.com/esm/art%3A10.1038%2Fs41586-020-2332-7/MediaObjects/41586_2020_2332_MOESM2_ESM.xlsx
P21912	Tbio	SDHB	-0.559813952	-0.501196834	-1.448238583	-1.698820249	0.299803273	0.5060675	0.11250717	0.030792297	1	1	1	1	4	x	down	https://doi.org/10.1038/s41586-020-2332-7 | https://static-content.springer.com/esm/art%3A10.1038%2Fs41586-020-2332-7/MediaObjects/41586_2020_2332_MOESM2_ESM.xlsx
Q93008	Tbio	USP9X	-0.008606894	-0.451796435	-0.353265365	-2.675431859	0.995452368	0.626537163	0.838491933	0.027133641	1	1	1	1	4	x	down	https://doi.org/10.1038/s41586-020-2332-7 | https://static-content.springer.com/esm/art%3A10.1038%2Fs41586-020-2332-7/MediaObjects/41586_2020_2332_MOESM2_ESM.xlsx
Q9GZT3	Tbio	SLIRP	-0.206996697	-0.899249079	-1.372603369	-2.499327362	0.750825338	0.295162811	0.131413537	0.008942185	1	1	1	1	4	x	down	https://doi.org/10.1038/s41586-020-2332-7 | https://static-content.springer.com/esm/art%3A10.1038%2Fs41586-020-2332-7/MediaObjects/41586_2020_2332_MOESM2_ESM.xlsx
Q9HD33	Tbio	MRPL47	-0.019836993	-0.373195629	-0.500736238	-2.744545428	0.961984747	0.465430494	0.407905328	0.008056648	1	1	1	1	4	x	down	https://doi.org/10.1038/s41586-020-2332-7 | https://static-content.springer.com/esm/art%3A10.1038%2Fs41586-020-2332-7/MediaObjects/41586_2020_2332_MOESM2_ESM.xlsx
Q9UKM9	Tbio	RALY	-0.685236804	-0.873680957	-1.465583701	-5.902657197	0.629064676	0.477401813	0.333969141	0.025547418	1	1	1	1	4	x	down	https://doi.org/10.1038/s41586-020-2332-7 | https://static-content.springer.com/esm/art%3A10.1038%2Fs41586-020-2332-7/MediaObjects/41586_2020_2332_MOESM2_ESM.xlsx
Q9P2E9	Tbio	RRBP1	-0.135448009	-0.16330434	-0.440900077	-2.140369962	0.09277534	0.258607911	0.032700276	1.99439E-05	1	1	1	1	4	x	down	https://doi.org/10.1038/s41586-020-2332-7 | https://static-content.springer.com/esm/art%3A10.1038%2Fs41586-020-2332-7/MediaObjects/41586_2020_2332_MOESM2_ESM.xlsx
